international journal computer vision,ijcv
image processing transactions,tip
pattern analysis machine intelligence,tpami
neural information processing systems,nips
british machine vision conference,bmvc
computer vision image understanding,cviu
computer vision pattern recognition workshops,cvprw
computer vision pattern recognition,cvpr
cvpr workshops,cvprw
international conference computer vision workshops,iccvw
international conference computer vision,iccv
iccv workshops,iccvw
european conference computer vision workshops,eccvw
european conference computer vision,eccv
eccv workshops,eccvw
asian conference computer vision workshops,accvw
asian conference computer vision,accv
accv workshops,accvw
winter conference applications computer vision,wacv
transactions multimedia,tmm
conference systems man cybernetics,smc
international conference multimedia expo workshops,icmew
international conference multimedia expo,icme
icme workshops,icmew
international conference multimedia,mm
international conference robotics automation,icra
neurocomputing,neucom
international workshop multimedia signal processing,mmsp
international workshop document analysis systems,das
international conference digital image computing techniques applications,dicta
international conference image processing,icip
international conference pattern recognition,icpr
international conference computer vision theory applications,visapp
international conference acoustics speech signal processing,icassp
computer analysis images patterns,caip
advanced video signal based surveillance,avss
conference machine vision applications,mva
international conference image analysis processing,iciap
international conference multimedia modeling,mmm
international joint conference artificial intelligence,ijcai